Metric,Decision_Tree
Accuracy,0.800453514739229
Precision,0.34545454545454546
Recall,0.2676056338028169
F1-Score,0.30158730158730157
ROC-AUC,0.5580129425199847
CV_Mean,0.8221501302391665
CV_Std,0.012979698902836116
