Metric,Decision Tree,KNN,Difference
Accuracy,0.800453514739229,0.8480725623582767,-0.04761904761904767
Precision,0.34545454545454546,0.7,-0.3545454545454545
Recall,0.2676056338028169,0.09859154929577464,0.16901408450704225
F1-Score,0.30158730158730157,0.1728395061728395,0.12874779541446207
ROC-AUC,0.5580129425199847,0.7494099733536352,-0.19139703083365056
CV Mean,0.8221501302391665,0.8513142315889178,-0.029164101349751337
CV Std,0.0129796989028361,0.009958326518633527,0.003021372384202574
